{
  "duree_seance_minutes": 27.895827410147948,
  "pourcentage_gras": 13.149932079250897,
  "bpm_moyen": 10.565022467836984,
  "consommation_eau_ml": 9.20420217623194,
  "imc": 9.071374493368232,
  "niveau_experience": 7.1461965793362365,
  "age": 7.12457497016393,
  "bpm_repos": 7.043189937977155,
  "bpm_max": 5.986075928910187,
  "sexe": 1.835427856856628,
  "type_sport": 0.9781760999198477
}