{
  "mae": 200.38720793270784,
  "mse": 78524.48765700088,
  "rmse": 280.22221121281746,
  "r2": 0.1751498562391377,
  "mape": 24.592865626059794,
  "median_absolute_error": 126.07019888919376,
  "n_features": 11,
  "n_samples_test": 491
}