{
  "duree_seance_minutes": 25.549931701740686,
  "pourcentage_gras": 13.916886588396506,
  "imc": 11.845876967960468,
  "bpm_moyen": 10.233326289531735,
  "consommation_eau_ml": 8.538449757306328,
  "niveau_experience": 7.878794297949958,
  "bpm_repos": 7.0550146588555425,
  "bpm_max": 6.33594470200543,
  "age": 5.826793808208838,
  "sexe": 2.160051362967004,
  "type_sport": 0.6589298650774742
}