{
  "mae": 203.0274874307313,
  "mse": 81475.94768966598,
  "rmse": 285.43991957970064,
  "r2": 0.14414663285126506,
  "mape": 24.6785899072266,
  "median_absolute_error": 135.53680663805005,
  "n_features": 11,
  "n_samples_test": 491
}