{
  "type_seance": {
    "cardio": {
      "precision": 0.23295454545454544,
      "recall": 0.36936936936936937,
      "f1-score": 0.2857142857142857,
      "support": 111.0
    },
    "force": {
      "precision": 0.30985915492957744,
      "recall": 0.29333333333333333,
      "f1-score": 0.3013698630136986,
      "support": 150.0
    },
    "mixte": {
      "precision": 0.15254237288135594,
      "recall": 0.08035714285714286,
      "f1-score": 0.10526315789473684,
      "support": 112.0
    },
    "mobilité": {
      "precision": 0.19298245614035087,
      "recall": 0.1864406779661017,
      "f1-score": 0.1896551724137931,
      "support": 118.0
    },
    "macro avg": {
      "precision": 0.22208463235145742,
      "recall": 0.2323751308814868,
      "f1-score": 0.22050061975912855,
      "support": 491.0
    },
    "weighted avg": {
      "precision": 0.22850000686795197,
      "recall": 0.23625254582484725,
      "f1-score": 0.22624959102928432,
      "support": 491.0
    }
  },
  "intensite": {
    "faible": {
      "precision": 0.0,
      "recall": 0.0,
      "f1-score": 0.0,
      "support": 44.0
    },
    "modérée": {
      "precision": 0.4380952380952381,
      "recall": 0.23469387755102042,
      "f1-score": 0.30564784053156147,
      "support": 196.0
    },
    "élevée": {
      "precision": 0.5286458333333334,
      "recall": 0.8087649402390438,
      "f1-score": 0.6393700787401575,
      "support": 251.0
    },
    "macro avg": {
      "precision": 0.3222470238095238,
      "recall": 0.34781960593002137,
      "f1-score": 0.315005973090573,
      "support": 491.0
    },
    "weighted avg": {
      "precision": 0.44512580617786834,
      "recall": 0.5071283095723014,
      "f1-score": 0.4488571619306834,
      "support": 491.0
    }
  },
  "muscle_chest": {
    "0": {
      "precision": 0.6959183673469388,
      "recall": 1.0,
      "f1-score": 0.8206979542719615,
      "support": 341.0
    },
    "1": {
      "precision": 1.0,
      "recall": 0.006666666666666667,
      "f1-score": 0.013245033112582781,
      "support": 150.0
    },
    "accuracy": 0.6965376782077393,
    "macro avg": {
      "precision": 0.8479591836734695,
      "recall": 0.5033333333333333,
      "f1-score": 0.4169714936922721,
      "support": 491.0
    },
    "weighted avg": {
      "precision": 0.7888149964670186,
      "recall": 0.6965376782077393,
      "f1-score": 0.5740219091112552,
      "support": 491.0
    }
  },
  "muscle_back": {
    "0": {
      "precision": 0.6959183673469388,
      "recall": 1.0,
      "f1-score": 0.8206979542719615,
      "support": 341.0
    },
    "1": {
      "precision": 1.0,
      "recall": 0.006666666666666667,
      "f1-score": 0.013245033112582781,
      "support": 150.0
    },
    "accuracy": 0.6965376782077393,
    "macro avg": {
      "precision": 0.8479591836734695,
      "recall": 0.5033333333333333,
      "f1-score": 0.4169714936922721,
      "support": 491.0
    },
    "weighted avg": {
      "precision": 0.7888149964670186,
      "recall": 0.6965376782077393,
      "f1-score": 0.5740219091112552,
      "support": 491.0
    }
  },
  "muscle_legs": {
    "0": {
      "precision": 0.5413793103448276,
      "recall": 0.585820895522388,
      "f1-score": 0.5627240143369175,
      "support": 268.0
    },
    "1": {
      "precision": 0.44776119402985076,
      "recall": 0.40358744394618834,
      "f1-score": 0.42452830188679247,
      "support": 223.0
    },
    "accuracy": 0.5030549898167006,
    "macro avg": {
      "precision": 0.4945702521873392,
      "recall": 0.4947041697342882,
      "f1-score": 0.493626158111855,
      "support": 491.0
    },
    "weighted avg": {
      "precision": 0.49886028806735333,
      "recall": 0.5030549898167006,
      "f1-score": 0.49995895552555725,
      "support": 491.0
    }
  },
  "muscle_shoulders": {
    "0": {
      "precision": 0.6959183673469388,
      "recall": 1.0,
      "f1-score": 0.8206979542719615,
      "support": 341.0
    },
    "1": {
      "precision": 1.0,
      "recall": 0.006666666666666667,
      "f1-score": 0.013245033112582781,
      "support": 150.0
    },
    "accuracy": 0.6965376782077393,
    "macro avg": {
      "precision": 0.8479591836734695,
      "recall": 0.5033333333333333,
      "f1-score": 0.4169714936922721,
      "support": 491.0
    },
    "weighted avg": {
      "precision": 0.7888149964670186,
      "recall": 0.6965376782077393,
      "f1-score": 0.5740219091112552,
      "support": 491.0
    }
  },
  "muscle_core": {
    "0": {
      "precision": 1.0,
      "recall": 0.006666666666666667,
      "f1-score": 0.013245033112582781,
      "support": 150.0
    },
    "1": {
      "precision": 0.6959183673469388,
      "recall": 1.0,
      "f1-score": 0.8206979542719615,
      "support": 341.0
    },
    "accuracy": 0.6965376782077393,
    "macro avg": {
      "precision": 0.8479591836734695,
      "recall": 0.5033333333333333,
      "f1-score": 0.4169714936922721,
      "support": 491.0
    },
    "weighted avg": {
      "precision": 0.7888149964670186,
      "recall": 0.6965376782077393,
      "f1-score": 0.5740219091112552,
      "support": 491.0
    }
  },
  "muscle_arms": {
    "0": {
      "precision": 0.44680851063829785,
      "recall": 0.5502183406113537,
      "f1-score": 0.4931506849315068,
      "support": 229.0
    },
    "1": {
      "precision": 0.507177033492823,
      "recall": 0.40458015267175573,
      "f1-score": 0.45010615711252655,
      "support": 262.0
    },
    "accuracy": 0.4725050916496945,
    "macro avg": {
      "precision": 0.4769927720655604,
      "recall": 0.4773992466415547,
      "f1-score": 0.4716284210220167,
      "support": 491.0
    },
    "weighted avg": {
      "precision": 0.4790214495138285,
      "recall": 0.4725050916496945,
      "f1-score": 0.4701819144863483,
      "support": 491.0
    }
  },
  "cross_validation": {
    "target": "type_seance",
    "scoring": "f1_macro",
    "cv_scores": [
      0.2343627984828906,
      0.26488090143981946,
      0.27218721706057863,
      0.22494971795686236,
      0.24254197383588763
    ],
    "mean": 0.24778452175520777,
    "std": 0.017982396755055377
  }
}